TenLaptop,GiaLaptop,inch,DoPhanGiai,LoaiManHinh,KhacMH,HangCPU,DongCPU,DoiCPU,DungLuongRAM,LoaiRAM,BusRAM,OCung,CardDoHoa,HDH,TrongLuong,XuatXu,NoiMua
Laptop Asus TUF Gaming FX506LHB-HN188W i5 10300H,15.490.000,15.6 inch, 1920 x 1080 Pixels, IPS," 144 Hz, Anti-glare LED-backlit",Intel, i5, 10300H,8 GB , DDR4, 2933 MHz,SSD 512 GB,NVIDIA GeForce GTX 1650 4GB; Intel UHD Graphics,Windows 11,2.3 kg,Trung Quốc,FPT
Laptop MSI Gaming GF63 Thin 11SC-664VN i5 11400H,15.990.000,15.6 inch, 1920 x 1080 Pixels, IPS," 144 Hz, 250 nits, FHD",Intel, i5, 11400H,8 GB, DDR4, 3200 MHz,SSD 512 GB,NVIDIA GeForce GTX 1650 4GB,Windows 11 Home,1.86 kg,Trung Quốc,FPT
Laptop Gigabyte Gaming G5 GD-51VN123SO i5 11400H,17.990.000,15.6 inch, 1920 x 1080 Pixels, IPS," 144 Hz, 300 nits, Anti-glare LED-backlit",Intel, i5, 11400H,16 GB, DDR4, 3200 MHz,SSD 512 GB,NVIDIA GeForce RTX 3050 4GB; Intel UHD Graphics,Windows 11 Home,2.2 kg,Trung Quốc,FPT
Laptop Acer Nitro 5 Tiger Gaming AN515-58-52SP i5 12500H,22.990.000,15.6 inch, 1920 x 1080 Pixels, IPS," 144 Hz, Acer ComfyView LED-backlit",Intel, i5, 12500H,8 GB , DDR4, 3200 MHz,SSD 512 GB,NVIDIA GeForce RTX 3050 4GB; Intel Iris Xe Graphics,Windows 11 Home,2.5 kg,Trung Quốc,FPT
Laptop Lenovo Gaming Legion 5 15IAH7H i5 12500H,28.990.000,15.6 inch, 2560 x 1440 Pixels, IPS," 165 Hz, 300 nits, IPS LCD LED Backlit, True Tone",Intel, i5, 12500H,16 GB, DDR5, 4800 MHz,SSD 512 GB,NVIDIA GeForce RTX 3060 6GB; Intel Iris Xe Graphics,Windows 11 Home,2.35 kg,Trung Quốc,FPT
Laptop MSI Gaming Alpha 15 B5EEK-203VN R5 5600H,17.990.000,15.6 inch, 1920 x 1080 Pixels, IPS," 144 Hz, 358 nits, IPS FHD",AMD,Ryzen 5, 5600H,8 GB , DDR4, 3200 MHz,SSD 512 GB,AMD Radeon RX 6600M 8GB; AMD Radeon Graphics Vega 6,Windows 11 Home,2.35 kg,Trung Quốc,FPT
Laptop Acer Nitro Gaming AN515-57-54MV i5 11400H,19.990.000,15.6 inch, 1920 x 1080 Pixels, IPS," 144 Hz, Acer ComfyView LED-backlit",Intel, i5, 11400H,8 GB , DDR4, 3200 MHz,SSD 512 GB,NVIDIA GeForce RTX 3050 4GB; Intel UHD Graphics,Windows 11 Home,2.2 kg,Trung Quốc,FPT
Laptop MSI Gaming Thin GF63 12VE-454VN i5 12450H,22.490.000,15.6 inch, 1920 x 1080 Pixels, IPS," 144 Hz, IPS FHD",Intel, i5, 12450H,16 GB, DDR4, 3200 MHz,SSD 512 GB,NVIDIA GeForce RTX 4050 6GB GDDR6; Intel Iris Xe Graphics,Windows 11 Home,1.86 kg,Trung Quốc,FPT
Laptop Asus TUF Gaming FX506HC-HN144W i5 11400H,19.990.000,15.6 inch, 1920 x 1080 Pixels, IPS," 144 Hz, Anti-glare LED-backlit",Intel, i5, 11400H,8 GB , DDR4, 3200 MHz,SSD 512 GB,NVIDIA GeForce RTX 3050 4GB; Intel UHD Graphics,Windows 11,2.3 kg,Trung Quốc,FPT
Laptop Lenovo Ideapad Gaming 3 15ARH7 R7 6800H,18.990.000,15.6 inch, 1920 x 1080 Pixels, IPS," 120 Hz, 250 nits, IPS",AMD,Ryzen 7, 6800H,8 GB, DDR5, 4800 MHz,SSD 512 GB,NVIDIA GeForce RTX 3050 4GB; AMD Radeon Graphics,Windows 11 Home Single Language,2.32 kg,Trung Quốc,FPT
Laptop Acer Aspire A315-59-321N i3 1215U,9.990.000,15.6 inch, 1920 x 1080 Pixels, VA," 60 Hz, Acer ComfyView LED-backlit",Intel, i3, 1215U,8 GB, DDR4, 3200 MHz,SSD 256 GB,Intel UHD Graphics,Windows 11 Home Single Language,1.7 kg,Trung Quốc,FPT
Laptop MSI Modern 15 B7M-098VN R7 7730U,14.490.000,15.6 inch, 1920 x 1080 Pixels, IPS," 60 Hz, FHD",AMD,Ryzen 7, 7730U,8 GB, DDR4, 3200 MHz,SSD 512 GB,AMD Radeon Graphics,Windows 11 Home,1.75 kg,Trung Quốc,FPT
Laptop HP 15s fq2711TU i3 1115G4,10.290.000,15.6 inch, 1920 x 1080 Pixels, IPS," 60 Hz, 250 nits, Anti-Glare",Intel, i3, 1115G4,8 GB , DDR4, 3200 MHz,SSD 256 GB,Intel UHD Graphics,Windows 11 Home,1.7 kg,Trung Quốc,FPT
Laptop Lenovo IdeaPad 1 15AMN7 R5 7520U,9.990.000,15.6 inch, 1920 x 1080 Pixels, TN," 60 Hz, 220 nits, FHD",AMD,Ryzen 5, 7520U,8 GB, LPDDR5, 5500 MHz,SSD 512 GB,AMD Radeon 610 2GB,Windows 11 Home Single Language,1.58 kg,Trung Quốc,FPT
Laptop MSI Modern 15 B7M-099VN R5 7530U,12.490.000,15.6 inch, 1920 x 1080 Pixels, IPS," 60 Hz, FHD",AMD,Ryzen 5, 7530U,8 GB, DDR4, 3200 MHz,SSD 512 GB,AMD Radeon Graphics,Windows 11 Home,1.75 kg,Trung Quốc,FPT
Laptop Asus Vivobook E1404FA-NK186W R5 7520U,13.490.000,14.0 inch , 1920 x 1080 Pixels, IPS," 60 Hz Màn hình chính:, 250 nits, LED Backlit Chính:",AMD,Ryzen 5, 7520U,16 GB, LPDDR5, 5500 MHz,SSD 512 GB,AMD Radeon Graphics,Windows 11 Home,1300 g,Trung Quốc,FPT
Laptop HP 15s fq2712TU i3 1115G4,10.290.000,15.6 inch, 1920 x 1080 Pixels, IPS," 60 Hz, 250 nits, Anti-Glare",Intel, i3, 1115G4,8 GB , DDR4, 3200 MHz,SSD 256 GB,Intel UHD Graphics,Windows 11 Home,1.7 kg,Trung Quốc,FPT
Laptop Asus Vivobook M513UA-EJ704W R7 5700U,14.490.000,15.6 inch, FHD , TN," 60 Hz, Anti-Glare LED-Backlit Display",AMD,Ryzen 7, 5700U,8 GB, DDR4, 3200 MHz,SSD 512 GB,,Windows 11 Home,1.8 kg,Trung Quốc,FPT
Laptop HP 14s-em0080AU R3 7320U,10.490.000,14.0 inch, FHD , SVA," 60 Hz, Anti - Glare",AMD,Ryzen 3, 7320U,8 GB, LPDDR5, 6400 MHz,SSD 256 GB,,Windows 11 Home Single Language,1.4 kg,Trung Quốc,FPT
Laptop MSI Modern 14 C11M-011VN i3 1115G4,10.990.000,14.0 inch, 1920 x 1080 Pixels, IPS," 60 Hz, 300 nits, IPS",Intel, i3, 1115G4,8 GB, DDR4, 3200 MHz,SSD 512 GB,Intel UHD Graphics,Windows 11,1.4 kg,Trung Quốc,FPT
Laptop Asus Vivobook A1503ZA-L1139W i5 12500H,16.790.000,15.6 inch, 1920 x 1080 Pixels, IPS," 60 Hz, 600 nits, OLED",Intel, i5, 12500H,8 GB , DDR4, 3200 MHz,SSD 512 GB,Intel UHD Graphics,Windows 11 Home,1.7 kg,Trung Quốc,FPT
Laptop Dell Vostro V3510 i5 1135G7,16.790.000,15.6 inch, 1920 x 1080 Pixels, WVA," 60 Hz, 220 nits, WVA Anti-glare LED Backlit Narrow Border",Intel, i5, 1135G7,8 GB , DDR4, 3200 MHz,SSD 512 GB,NVIDIA GeForce MX350 2GB; Intel Iris Xe Graphics,Windows 11 Home Single Language,1.7 kg,Trung Quốc,FPT
Laptop HP 14s-em0078AU R5 7520U,12.790.000,14.0 inch, 1920 x 1080 Pixels, SVA," 60 Hz, 250 nits, FHD",AMD,Ryzen 5, 7520U,8 GB , LPDDR5, 5500 MHz,SSD 512 GB,AMD Radeon Graphics,Windows 11 Home Single Language,1.4 kg,Trung Quốc,FPT
Laptop Asus Vivobook M1503QA-L1026W R5 5600H,15.490.000,15.6 inch, 1920 x 1080 Pixels, IPS," 60 Hz, 600 nits, OLED",AMD,Ryzen 5, 5600H,8 GB , DDR4, 3200 MHz,SSD 512 GB,AMD Radeon Graphics,Windows 11,1.7 kg,Trung Quốc,FPT
Laptop MSI Modern 15 A11MU-1022VN i5 1155G7,13.490.000,15.6 inch , 1920 x 1080 Pixels, IPS," 60 Hz, 300 nits, LED Backlit Chính:",Intel, i5, 1155G7,8 GB , DDR4, 3200 MHz,SSD 512 GB,Intel Iris Xe Graphics,Windows 11 Home Single Language,1.6 kg,Trung Quốc,FPT
Laptop Acer Aspire 3 A315-58-54M5 i5 1135G7,12.490.000,15.6 inch, 1920 x 1080 Pixels, TN," 60 Hz, Acer ComfyView LED-backlit",Intel, i5, 1135G7,8 GB , DDR4, 2400 MHz,SSD 512 GB,Intel Iris Xe Graphics,Windows 11 Home,1.7 kg,Trung Quốc,FPT
Laptop MSI Gaming GF63 Thin 11UC-1228VN i7-11800H,19.990.000,15.6 inch, 1920 x 1080 Pixels, IPS," 144 Hz, 250 nits, IPS",Intel, i7, 11800H,8 GB, DDR4, 3200 MHz,SSD 512 GB,NVIDIA GeForce RTX 3050 4GB,Windows 11 Home Single Language,1.86 kg,Trung Quốc,FPT
Laptop Asus TUF Gaming FX506HF-HN017W i5 11400H,19.990.000,15.6 inch, FHD , IPS," 144 Hz, Anti - Glare",Intel, i5, 11400H,16 GB, DDR4, 3200 MHz,SSD 512 GB,,Windows 11 Home,2.3 kg,Trung Quốc,FPT
Laptop Gigabyte Gaming G5 GE-51VN263SH i5 12500H,19.990.000,15.6 inch, 1920 x 1080 Pixels, IPS," 144 Hz, Anti-Glare LED-Backlit Display",Intel, i5, 12500H,8 GB , DDR4, 3200 MHz,SSD 512 GB,NVIDIA GeForce RTX 3050 4GB; Intel Iris Xe Graphics,Windows 11 Home,1.9 kg,Trung Quốc,FPT
Laptop MSI Gaming GF63 Thin 11UC-1230VN i5 11400H,17.990.000,15.6 inch, 1920 x 1080 Pixels, IPS," 144 Hz, 250 nits, IPS",Intel, i5, 11400H,8 GB , DDR4, 3200 MHz,SSD 512 GB,,Windows 11 Home,1.86 kg,Trung Quốc,FPT
Laptop Lenovo Gaming IdeaPad 3 15IHU6 i5 11320H,15.990.000,15.6 inch, 1920 x 1080 Pixels, IPS," 120 Hz, 250 nits, IPS LCD LED Backlit, True Tone",Intel, i5, 11320H,8 GB , DDR4, 3200 MHz,SSD 512 GB,NVIDIA GeForce RTX 3050 4GB; Intel Iris Xe Graphics,Windows 11 Home,2.25 kg,Trung Quốc,FPT
Laptop Asus Zenbook UM5401QA-KN209W R5 5600H,18.490.000,14.0 inch, 2880 x 1800 Pixels, OLED," 90 Hz, 500 nits, OLED",AMD,Ryzen 5, 5600H,8 GB, LPDDR4X, 4267 MHz,SSD 512 GB,AMD Radeon Graphics,Windows 11 Home,1.4 kg,Trung Quốc,FPT
Laptop Lenovo IdeaPad 3 14IAU7 i5-1235U,13.490.000,14.0 inch, 1920 x 1080 Pixels, TN," 60 Hz, 250 nits, IPS LCD LED Backlit, True Tone",Intel, i5, 1235U,8 GB, DDR4, 3200 MHz,SSD 512 GB,Intel Iris Xe Graphics,Windows 11 Home,1.63 kg,Trung Quốc,FPT
Laptop MSI Modern 14 C5M-030VN R5 5625U,11.600.000,14.0 inch, 1920 x 1080 Pixels, IPS," 60 Hz, FHD",AMD,Ryzen 5, 5625U,8 GB, DDR4, 3200 MHz,SSD 512 GB,AMD Radeon Graphics,Windows 11 Home,1.4 kg,Trung Quốc,FPT
Laptop MSI Modern 15 B5M-023VN R5 5625U,12.100.000,15.6 inch, 1920 x 1080 Pixels, IPS," 60 Hz, FHD",AMD,Ryzen 5, 5625U,8 GB, DDR4, 3200 MHz,SSD 512 GB,AMD Radeon Graphics,Windows 11 Home,1.75 kg,Trung Quốc,FPT
Laptop Asus Vivobook 15 OLED A1505VA-L1113W i5 13500H,19.490.000,15.6 inch, 1920 x 1080 Pixels, IPS," 60 Hz, 600 nits, FHD",Intel, i5, 13500H,16 GB, DDR4, 3200 MHz,SSD 512 GB,Intel UHD Graphics,Windows 11 Home,1.7 kg,Trung Quốc,FPT
Laptop Asus Vivobook X415EA-EK1387W i3 1115G4,9.790.000,14.0 inch, 1920 x 1080 Pixels, TN," 60 Hz, 220 nits, Anti-glare LED-backlit",Intel, i3, 1115G4,8 GB , DDR4, 3200 MHz,SSD 256 GB,Intel UHD Graphics,Windows 11 Home,1.6 kg,Trung Quốc,FPT
Laptop Asus Vivobook X1502ZA-BQ126W i5 1240P,14.990.000,15.6 inch, 1920 x 1080 Pixels, IPS," 60 Hz, LED Backlit",Intel, i5, 1240P,8 GB , DDR4, 3200 MHz,SSD 512 GB,Intel Iris Xe Graphics,Windows 11 Home,1.7 kg,Trung Quốc,FPT
Laptop HP Pavilion 14-dv2075TU i5 1235U,17.690.000,14.0 inch, 1920 x 1080 Pixels, IPS," 60 Hz, 250 nits, LED Backlit",Intel, i5, 1235U,8 GB , DDR4, 3200 MHz,SSD 512 GB,Intel Iris Xe Graphics,Windows 11 Home,1.41 kg,Trung Quốc,FPT
Laptop HP Pavilion 15-eg2083TU i5 1240P,17.790.000,15.6 inch, 1920 x 1080 Pixels, IPS," 60 Hz, IPS FHD",Intel, i5, 1240P,8 GB , DDR4, 3200 MHz,SSD 512 GB,,Windows 11 Home Single Language,1.72 kg,Trung Quốc,FPT
Laptop Lenovo ThinkBook 14 G3 ACL R7 5700U,13.990.000,14.0 inch, 1920 x 1080 Pixels, IPS," 60 Hz, Anti - Glare",AMD,Ryzen 7, 5700U,8 GB, DDR4, 3200 MHz,SSD 512 GB,AMD Radeon Graphics,Windows 11 Home Single Language,1.4 kg,Trung Quốc,FPT
Laptop Asus Vivobook M1403QA-LY022W R5 5600H,14.490.000,14.0 inch, 1920 x 1200 Pixels, IPS," 60 Hz, 300 nits, LED Backlit",AMD,Ryzen 5, 5600H,8 GB , DDR4, 3200 MHz,SSD 512 GB,AMD Radeon Graphics,Windows 11,1.6 kg,Trung Quốc,FPT
Laptop Asus Vivobook Flip TN3402YA-LZ026W R5 7530U,17.090.000,14.0 inch, 1920 x 1200 Pixels, IPS," 60 Hz, 250 nits, IPS LCD",AMD,Ryzen 5, 7530U,16 GB, DDR4, 3200 MHz,SSD 512 GB,AMD Radeon Graphics,Windows 11 Home,1.5 kg,Trung Quốc,FPT
Laptop Masstel E116 Celeron N4020,3.990.000,11.6 inch , 1366 x 768 Pixels, TN," 60 Hz, 220 nits, LCD Chính:",Intel,ron, N4020,4 GB, DDR4, 2133 MHz,eMMC 128 GB,Intel UHD Graphics,Windows 10,0.9 kg,Trung Quốc,FPT
Laptop Masstel E140 Celeron N4120,5.490.000,14.0 inch , 1366 x 768 Pixels, IPS," 60 Hz, 250 nits, LCD Chính:",Intel,ron, N4120,4 GB, DDR4, 2400 MHz,SSD 128 GB,,Windows 10 Pro,1.39 kg,Trung Quốc,FPT
Laptop Lenovo IdeaPad 5 15ABA7 R5 5625U,12.990.000,15.6 inch, 1920 x 1080 Pixels, IPS," 60 Hz, 300 nits, IPS LCD LED Backlit, True Tone",AMD,Ryzen 5, 5625U,8 GB, DDR4, 3200 MHz,SSD 512 GB,AMD Radeon Graphics,Windows 11 Home,1.85 kg,Trung Quốc,FPT
Laptop Acer Aspire 3 A315-56-38B1 i3 1005G1,7.990.000,15.6 inch, 1920 x 1080 Pixels, IPS," 60 Hz, LED Backlit",Intel, i3, 1005G1,4 GB , DDR4, 2400 MHz,SSD 256 GB,Intel UHD Graphics,Windows 11 Home Single Language,1.7 kg,Trung Quốc,FPT
Laptop Lenovo Ideapad 3 15ITL6 i5 1155G7,11.490.000,15.6 inch, 1920 x 1080 Pixels, TN," Hãng không công bố, 250 nits, Anti-Glare LED-Backlit Display",Intel, i5, 1155G7,8 GB, DDR4, 3200 MHz,SSD 256 GB,Intel Iris Xe Graphics,Windows 11 Home Single Language,1.65 kg,Trung Quốc,FPT
Laptop HP 15s-fq5144TU i7 1255U,20.390.000,15.6 inch, 1920 x 1080 Pixels, WVA," 60 Hz, 250 nits, Wide-Viewing Angle (WVA)",Intel, i7, 1255U,16 GB, DDR4, 3200 MHz,SSD 512 GB,,Windows 11 Home Single Language,1.69 kg,Trung Quốc,FPT
Laptop HP 240 G9 i5 1235U,16.190.000,14.0 inch, 1920 x 1080 Pixels, IPS," Hãng không công bố, IPS",Intel, i5, 1235U,8 GB , DDR4, 3200 MHz,SSD 512 GB,Intel Iris Xe Graphics,Windows 11 Home Single Language,1.41 kg,Trung Quốc,FPT
Laptop Asus TUF Gaming FX706HC-HX579W i5 11400H,19.490.000,17.3 inch, 1920 x 1080 Pixels, IPS," 144 Hz, 250 nits, IPS LCD LED Backlit",Intel, i5, 11400H,8 GB, DDR4, 3200 MHz,SSD 512 GB,NVIDIA GeForce RTX 3050 4GB; Intel UHD Graphics,Windows 11 Home,2.6 kg,Trung Quốc,FPT
Laptop HP Pavilion 14-dv2073TU i5 1235U,18.990.000,14.0 inch, 1920 x 1080 Pixels, IPS," 60 Hz, IPS",Intel, i5, 1235U,16 GB, DDR4, 3200 MHz,SSD 512 GB,,Windows 11 Home Single Language,1.41 kg,Trung Quốc,FPT
Laptop CHUWI GemiBook Pro Celeron N5100,5.990.000,14.0 inch, 2160 x 1440 Pixels, IPS, 60 Hz,Intel,ron, N5100,8 GB, LPDDR4X, 2133 MHz,SSD 256 GB,Intel UHD Graphics 600,Windows 10 Home,1.5 kg,ắt 2021,FPT
Laptop Acer Nitro Gaming AN515-45-R86D R7 5800H,22.490.000,15.6 inch, 1920 x 1080 Pixels, IPS," 144 Hz, Acer ComfyView LED-backlit",AMD,Ryzen 7, 5800H,8 GB , DDR4, 3200 MHz,SSD 512 GB,NVIDIA GeForce RTX 3060 6GB; AMD Radeon Graphics,Windows 11 Home,2.2 kg,Trung Quốc,FPT
Laptop Lenovo IdeaPad 3 14IAU7 i3 1215U,10.490.000,14.0 inch, 1920 x 1080 Pixels, TN," 60 Hz, 250 nits, LED Backlit",Intel, i3, 1215U,8 GB , DDR4, 3200 MHz,SSD 512 GB,Intel UHD Graphics,Windows 11 Home,1.63 kg,Trung Quốc,FPT
Laptop Lenovo Ideapad 3 15IAU7 i5 1235U,13.490.000,15.6 inch, 1920 x 1080 Pixels, TN," Hãng không công bố, Anti-Glare LED-Backlit Display",Intel, i5, 1235U,8 GB , DDR4, 3200 MHz,SSD 512 GB,Intel Iris Xe Graphics,Windows 11 Home Single Language,1.63 kg,Trung Quốc,FPT
Laptop Lenovo Ideapad Gaming 3 15ARH7 R5 6600H,16.990.000,15.6 inch, 1920 x 1080 Pixels, IPS," 120 Hz, 250 nits, IPS",AMD,Ryzen 5, 6600H,8 GB , DDR5, 4800 MHz,SSD 512 GB,NVIDIA GeForce RTX 3050 4GB; AMD Radeon Graphics,Windows 11 Home,2.315 kg,Trung Quốc,FPT
Laptop Lenovo IdeaPad 3 14IAU7 i3 1215U,10.490.000,14.0 inch, 1920 x 1080 Pixels, TN," 60 Hz, 250 nits, Anti-Glare LED-Backlit Display",Intel, i3, 1215U,8 GB , DDR4, 3200 MHz,SSD 512 GB,Intel UHD Graphics,Windows 11 Home,1.43 kg,Trung Quốc,FPT
Laptop HP Pavilion 14-dv2076TU i5 1235U,16.690.000,14.0 inch, 1920 x 1080 Pixels, IPS," 60 Hz, IPS",Intel, i5, 1235U,8 GB , DDR4, 3200 MHz,SSD 256 GB,,Windows 11 Home Single Language,1.41 kg,Trung Quốc,FPT
Laptop HP Gaming Victus 16-e1107AX R5 6600H,20.490.000,16.1 inch, 1920 x 1080 Pixels, IPS," 144 Hz, IPS",AMD,Ryzen 5, 6600H,8 GB , DDR5, 4800 MHz,SSD 512 GB,,Windows 11 Home Single Language,2.4 kg,Trung Quốc,FPT
Laptop Acer Aspire Gaming A715-42G-R05G R5 5500U,14.990.000,15.6 inch, 1920 x 1080 Pixels, IPS," 144 Hz, Acer ComfyView Anti-glare LED-backlit",AMD,Ryzen 5, 5500U,8 GB, DDR4, 3200 MHz,SSD 512 GB,NVIDIA GeForce GTX 1650 4GB; AMD Radeon Graphics,Windows 11 Home Single Language,2.1 kg,Trung Quốc,FPT
Laptop HP 15s-fq5145TU i7 1255U,17.790.000,15.6 inch, 1920 x 1080 Pixels, IPS," 60 Hz, 250 nits, BrightView Micro-edge WLED-backlit",Intel, i7, 1255U,8 GB , DDR4, 3200 MHz,SSD 256 GB,Intel Iris Xe Graphics,Windows 11 Home Single Language,1.69 kg,Trung Quốc,FPT
Laptop Acer Swift 3 SF314-43-R4X3 R5 5500U,15.990.000,14.0 inch, 1920 x 1080 Pixels, IPS," 60 Hz, Acer ComfyView LED-backlit",AMD,Ryzen 5, 5500U,16 GB, LPDDR4X, 4266 MHz,SSD 512 GB,AMD Radeon Graphics,Windows 11 Home Single Language,1.19 kg,Trung Quốc,FPT
Laptop Acer Swift 3 SF314-511-55QE i5 1135G7,17.690.000,14.0 inch, 1920 x 1080 Pixels, IPS," 60 Hz, Acer ComfyView Anti-glare LED-backlit",Intel, i5, 1135G7,16 GB, LPDDR4X, 4266 MHz,SSD 512 GB,Intel Iris Xe Graphics,Windows 11 Home,1.19 kg,ắt 2021,FPT
Laptop HP 15s-fq5163TU i5 1235U,15.490.000,15.6 inch, 1920 x 1080 Pixels, WVA," 60 Hz, 250 nits, Wide-Viewing Angle (WVA)",Intel, i5, 1235U,8 GB , DDR4, 3200 MHz,SSD 256 GB,,Windows 11 Home Single Language,1.69 kg,Trung Quốc,FPT
Laptop Dell Inspiron 15 N3520 i5-1235U,16.490.000,15.6 inch, 1920 x 1080 Pixels, WVA," 120 Hz, 220 nits, Anti-Glare LED-Backlit Display",Intel, i5, 1235U,8 GB , DDR4, 2666 MHz,SSD 256 GB,Intel Iris Xe Graphics,Windows 11 Home Single Language,1.9 kg,Trung Quốc,FPT
Laptop Acer Nitro Gaming AN515-57-5669 i5 11400H,17.990.000,15.6 inch, 1920 x 1080 Pixels, IPS," 144 Hz, Acer ComfyView LED-backlit",Intel, i5, 11400H,8 GB, DDR4, 3200 MHz,SSD 512 GB,NVIDIA GeForce GTX 1650 4GB; Intel UHD Graphics,Windows 11 Home,2.2 kg,Trung Quốc,FPT
Laptop HP 15s-fq5080TU i5-1235U,14.290.000,15.6 inch, 1920 x 1080 Pixels, IPS," 60 Hz, 250 nits, Anti - Glare",Intel, i5, 1235U,8 GB , DDR4, 3200 MHz,SSD 256 GB,Intel Iris Xe Graphics,Windows 11 Home Single Language,1.69 kg,Trung Quốc,FPT
Laptop Acer Aspire 3 A315-58-53S6 i5 1135G7,11.490.000,15.6 inch, 1920 x 1080 Pixels, TN," 60 Hz, Acer ComfyView LED-backlit",Intel, i5, 1135G7,8 GB , DDR4, 2400 MHz,SSD 256 GB,Intel Iris Xe Graphics,Windows 11 Home (ColorOS 12),1.7 kg,Trung Quốc,FPT
Laptop HP Pavilion 15-eg2086TU i3 1215U,13.790.000,15.6 inch, 1920 x 1080 Pixels, IPS," 60 Hz, IPS FHD",Intel, i3, 1215U,8 GB , DDR4, 3200 MHz,SSD 256 GB,,Windows 11 Home,1.65 kg,Trung Quốc,FPT
Laptop HP Pavilion 15 eg2058TU i5 1240P,15.990.000,15.6 inch, 1920 x 1080 Pixels, IPS," 250 nits, IPS FHD",Intel, i5, 1240P,8 GB , DDR4, 3200 MHz,SSD 256 GB,Intel Iris Xe Graphics,Windows 11 Home Single Language,1.702 kg,Trung Quốc,FPT
Laptop Lenovo Gaming Legion 5 15ARH7 R5 6600H,24.990.000,15.6 inch, 1920 x 1080 Pixels, IPS," 165 Hz, 300 nits, IPS",AMD,Ryzen 5, 6600H,8 GB , DDR5, 4800 MHz,SSD 512 GB,NVIDIA GeForce RTX 3050 4GB; AMD Radeon Graphics,Windows 11 Home,2.35 kg,Trung Quốc,FPT
Laptop HP Pavilion 15-eg2081TU i5 1240P,18.990.000,15.6 inch, 1920 x 1080 Pixels, IPS," Hãng không công bố, FHD",Intel, i5, 1240P,16 GB, DDR4, 3200 MHz,SSD 512 GB,,Windows 11 Home Single Language,1.72 kg,Trung Quốc,FPT
Laptop Dell Inspiron 16 N5620 i5 1240P,24.990.000,16.0 inch, 1920 x 1200 Pixels, WVA," 60 Hz, 250 nits, Anti - Glare",Intel, i5, 1240P,16 GB, DDR4, 3200 MHz,SSD 512 GB,Intel Iris Xe Graphics,Windows 11 Home Single Language,1.97 kg,Trung Quốc,FPT
Laptop Lenovo Yoga 7 14ACN6 R5 5600U,17.990.000,14.0 inch, 1920 x 1080 Pixels, IPS," 60 Hz, 300 nits, IPS LCD",AMD,Ryzen 5, 5600U,8 GB, LPDDR4X, 4266 MHz,SSD 512 GB,AMD Radeon Graphics,Windows 11 Home,1.45 kg,Trung Quốc,FPT
Laptop Asus TUF Gaming FX506HC-HN949W i5 11400H,21.490.000,15.6 inch, 1920 x 1080 Pixels, IPS," 144 Hz, 250 nits, Anti-Glare LED Backlit",Intel, i5, 11400,16 GB, DDR4, 3200 MHz,SSD 512 GB,NVIDIA GeForce RTX 3050 4GB; Intel HD Graphics,Windows 11 Home,2.3 kg,Trung Quốc,FPT
Laptop HP Pavilion 14 dv2035TU i5 1235U,15.990.000,14.0 inch, 1920 x 1080 Pixels, IPS," 60 Hz, 250 nits, BrightView LED Backlit Chính:",Intel, i5, 1235U,8 GB , DDR4, 3200 MHz,SSD 256 GB,Intel Iris Xe Graphics,Windows 11 Home,1.41 kg,Trung Quốc,FPT
Laptop MSI GF63 Thin 11UC-444VN i5 11400H,17.990.000,15.6 inch, 1920 x 1080 Pixels, IPS," 60 Hz, 300 nits, IPS LCD LED Backlit, True Tone",Intel, i5, 11400H,8 GB, DDR4, 3200 MHz,SSD 512 GB,NVIDIA GeForce RTX 3050 4GB; Intel UHD Graphics,Windows 11 Home Single Language,1.86 kg,Trung Quốc,FPT
Laptop Lenovo Gaming Legion 5 15ARH7 R7 6800H,26.990.000,15.6 inch, 1920 x 1080 Pixels, IPS," 165 Hz, 300 nits, IPS",AMD,Ryzen 7, 6800H,8 GB , DDR5, 4800 MHz,SSD 512 GB,NVIDIA GeForce RTX 3050 4GB; AMD Radeon Graphics,Windows 11 Home,2.35 kg,Trung Quốc,FPT
Laptop MSI Gaming Katana GF66 12UCK-815VN i5 12450H,20.490.000,15.6 inch, 1920 x 1080 Pixels, IPS," 144 Hz, 250 nits, FHD",Intel, i5, 12450H,8 GB , DDR4, 3200 MHz,SSD 512 GB,NVIDIA GeForce RTX 3050 4GB; Intel UHD Graphics,Windows 11 Home,2.25 kg,Trung Quốc,FPT
Laptop Asus Gaming TUF FA506ICB-HN355W R5 4600H,18.990.000,15.6 inch, 1920 x 1080 Pixels, IPS," 144 Hz, 250 nits, FHD",AMD,Ryzen 5, 4600H,8 GB, DDR4, 3200 MHz,SSD 512 GB,,Windows 11,2.3 kg,Trung Quốc,FPT
Laptop HP Pavilion 14 dv2036TU i5 1235U,15.990.000,14.0 inch, 1920 x 1080 Pixels, IPS," 60 Hz, 250 nits, BrightView LED Backlit Chính:",Intel, i5, 1235U,8 GB , DDR4, 3200 MHz,SSD 256 GB,Intel Iris Xe Graphics,Windows 11 Home,1.41 kg,Trung Quốc,FPT
Laptop Dell Inspiron N3520 i3 1215U,12.290.000,15.6 inch , 1920 x 1080 Pixels, WVA," 120 Hz, 250 nits, Wide-Viewing Angle (WVA) Chính:",Intel, i3, 1215U,8 GB , DDR4, 2666 MHz,SSD 256 GB,,Windows 11 Home Single Language,1.9 kg,Trung Quốc,FPT
Laptop HP 15s fq5161TU i5 1235U,16.690.000,15.6 inch, 1920 x 1080 Pixels, IPS," 60 Hz, 250 nits, Anti-Glare",Intel, i5, 1235U,8 GB , DDR4, 3200 MHz,SSD 512 GB,Intel Iris Xe Graphics,Windows 11 Home,1.7 kg,Trung Quốc,FPT
Laptop Asus Vivobook A515EA-BQ3013W,12.490.000,15.6 inch, 1920 x 1080 Pixels, IPS," 60 Hz, 250 nits, Anti-glare LED-backlit",Intel, i3, 1115G4,8 GB, DDR4, 3200 MHz,SSD 256 GB,Intel UHD Graphics,Windows 11 Home,1.8 kg,Trung Quốc,FPT
Laptop HP Pavilion 15 eg2087TU i3 1215U,13.790.000,15.6 inch, 1920 x 1080 Pixels, IPS," 60 Hz, IPS FHD",Intel, i3, 1215U,8 GB , DDR4, 3200 MHz,SSD 256 GB,,Windows 11 Home,1.65,Trung Quốc,FPT
Laptop Asus ROG Strix Gaming G513IE-HN246W R7 4800H,20.990.000,15.6 inch, 1920 x 1080 Pixels, IPS," 144 Hz, 250 nits, FHD",AMD,Ryzen 7, 4800H,8 GB , DDR4, 3200 MHz,SSD 512 GB,NVIDIA GeForce RTX 3050 Ti 4 GB; AMD Radeon Graphics,Windows 11,2.1 kg,Trung Quốc,FPT
Laptop HP Pavilion 15 eg2037TX i5 1235U,17.590.000,15.6 inch, 1920 x 1080 Pixels, IPS," 250 nits, IPS FHD",Intel, i5, 1235U,8 GB , DDR4, 3200 MHz,SSD 256 GB,NVIDIA GeForce MX550 2GB; Intel Iris Xe Graphics,Windows 11 Home Single Language,1.71 kg,Trung Quốc,FPT
Laptop HP Pavilion x360 14-ek0058TU i3 1215U,14.890.000,14.0 inch, 1920 x 1080 Pixels, IPS," 60 Hz, 250 nits, IPS FHD",Intel, i3, 1215U,8 GB , DDR4, 3200 MHz,SSD 256 GB,Intel UHD Graphics,Windows 11 Home Single Language,1.53 kg,Trung Quốc,FPT
Laptop HP 15s-fq5081TU i5-1235U,13.890.000,15.6 inch, 1366 x 768 Pixels, IPS," 250 nits, BrightView Micro-edge WLED-backlit",Intel, i5, 1235U,8 GB , DDR4, 3200 MHz,SSD 256 GB,Intel Iris Xe Graphics,Windows 11 Home Single Language,1.69 kg,Trung Quốc,FPT
Laptop Asus Vivobook A1405VA-KM059W i5 13500H,17.490.000,14.0 inch , 2880 x 1800 Pixels, OLED," 90 Hz, 600 nits, OLED Chính:",Intel, i5, 13500H,8 GB , DDR4, 3200 MHz,SSD 512 GB,Intel UHD Graphics,Windows 11 Home,1.6 kg,Trung Quốc,FPT
Laptop Lenovo Yoga 7 14ACN6 R7 5800U,18.990.000,14.0 inch, 1920 x 1080 Pixels, IPS Glossy," 300 nits, IPS LCD",AMD,Ryzen 7, 5800U,8 GB, LPDDR4X, 4266 MHz,SSD 512 GB,AMD Radeon Graphics,Windows 10 Home,1.45 kg,Trung Quốc,FPT
Laptop Asus TUF Gaming FX517ZE-HN045W i5 12450H,22.290.000,15.6 inch, 1920 x 1080 Pixels, IPS," 144 Hz, 250 nits, Anti -glare LED-Backlit Display",Intel, i5, 12450H,8 GB, DDR5, 4800 MHz,SSD 512 GB,NVIDIA GeForce RTX 3050 Ti 4 GB; Intel Iris Xe Graphics,Windows 11,2 kg,Trung Quốc,FPT
Laptop Acer Aspire 5 A514-54-5127 i5 1135G7,14.190.000,14.0 inch, 1920 x 1080 Pixels, IPS," 60 Hz, Acer ComfyView Anti-glare LED-backlit",Intel, i5, 1135G7,8 GB, DDR4, 2666 MHz,SSD 512 GB,Intel Iris Xe Graphics,Windows 11 Home Single Language,1.45 kg,Trung Quốc,FPT
Laptop MSI Modern 14 C13M-608VN i5 1335U,17.990.000,14.0 inch, 1920 x 1080 Pixels, IPS," 60 Hz, IPS",Intel, i5, 1335U,16 GB, DDR4, 3200 MHz,SSD 512 GB,,Windows 11 Home,1.4 kg,Trung Quốc,FPT
MacBook Pro 14 inch M2 Pro 2023 12CPU 19GPU 16GB,60.490.000,14.2 inch, 3024 x 1964 Pixels, OLED," 120 Hz, 1000 nits, Retina",Apple,ro, 12-Core,16 GB, Hãng không công bố, Hãng không công bố,SSD 1 TB,Apple M2 Pro 19-core GPU,Ventura,1.6 kg,Trung Quốc,FPT
MacBook Pro 16 inch M2 Pro 2023 12CPU 19GPU 16GB,57.990.000,16.2 inch, 3456 x 2234 Pixels, OLED," 120 Hz, 1000 nits, Retina",Apple,ro, 12-Core,16 GB, Hãng không công bố, Hãng không công bố,SSD 512 GB,Apple M2 Pro 19-core GPU,Ventura,2.15 kg,Trung Quốc,FPT
MacBook Pro 14 inch M2 Pro 2023 10CPU 16GPU 16GB,47.990.000,14.2 inch, 3024 x 1964 Pixels, OLED," 120 Hz, 1000 nits, Retina",Apple,, 10-Core,16 GB, Hãng không công bố, Hãng không công bố,SSD 512 GB,Apple M1,Ventura,1.6 kg,Trung Quốc,FPT
Laptop LG Gram 16Z90R-E.AH75A5 i7-1360P,46.990.000,16.0 inch, 2560 x 1600 Pixels, IPS," 60 Hz, Anti - Glare",Intel, i7, 1360P,16 GB, LPDDR5, 6000 MHz,SSD 512 GB,NVIDIA GeForce RTX 3050 4GB,Windows 11 Home,1299 g,Trung Quốc,FPT
Laptop LG Gram 16Z90R-G.AH76A5 i7 1360P,43.990.000,16.0 inch, 2560 x 1600 Pixels, OLED," 120 Hz, OLED",Intel, i7, 1360P,16 GB, DDR5, 6000 MHz,SSD 512 GB,,Windows 11,2 kg,Trung Quốc,FPT
Laptop Acer Predator Helios Neo Gaming PHN16-71-74BA i7-13700HX,42.990.000,16.0 inch, 2560 x 1600 Pixels, IPS," 165 Hz, Acer ComfyView LED-backlit",Intel, i7, 13700HX,16 GB, DDR5, 4800 MHz,SSD 512 GB,NVIDIA GeForce RTX 4060 8GB,Windows 11 Home Single Language,2.6 kg,Trung Quốc,FPT
Laptop Dell Gaming G15 5530 i7 1355U,40.990.000,15.6 inch, 1920 x 1080 Pixels, WVA," 165 Hz, 250 nits, WVA Anti-glare LED Backlit Narrow Border",Intel, i7, 1355U,16 GB, DDR5, 4800 MHz,SSD 512 GB,NVIDIA GeForce RTX 4060 8GB,Windows 11 Home Single Language,2.65 kg,Trung Quốc,FPT
Laptop Acer Predator Helios Neo Gaming PHN16-71-7460 i7 13700HX,38.990.000,16.0 inch, 2560 x 1600 Pixels, IPS," 165 Hz, Acer ComfyView LED-backlit",Intel, i7, 13700HX,8 GB , DDR5, 4800 MHz,SSD 512 GB,NVIDIA GeForce RTX 4050 6GB GDDR6,Windows 11 Home Single Language,2.6 kg,Trung Quốc,FPT
Laptop MSI Creator M16 B13VE-830VN i7 13700H,37.990.000,16.0 inch, 1920 x 1200 Pixels, IPS," 144 Hz, IPS",Intel, i7, 13700H,16 GB, DDR5, 5200 MHz,SSD 512 GB,NVIDIA GeForce RTX 4050 6GB GDDR6,Windows 11 Home,2.26 kg,Trung Quốc,FPT
Laptop LG Gram Style 14Z90RS-G.AH54A5 i5 1340P,36.490.000,14.0 inch , 2880 x 1800 Pixels, OLED," 90 Hz, OLED",Intel, i5, 1340P,16 GB, DDR5, 6000 MHz,SSD 512 GB,,Windows 11 Home,1.5 kg,Trung Quốc,FPT
MacBook Pro 13 inch M2 2022 8CPU 10GPU 16GB,35.990.000,13.3 inch, 2560 x 1600 Pixels, 500 nits, Retina,Apple,, 8 - Core,16 GB, LPDDR4, 3200 MHz,SSD 256 GB,Apple M2 GPU 10 nhân,macOS 12,1.4 kg,Trung Quốc,FPT
Laptop Acer Predator Helios Neo Gaming PHN16-71-54CD i5 13500HX,35.990.000,16.0 inch, 2560 x 1600 Pixels, IPS," 165 Hz, Acer ComfyView LED-backlit",Intel, i5, 13500HX,8 GB , DDR5, 4800 MHz,SSD 512 GB,NVIDIA GeForce RTX 4050 6GB GDDR6,Windows 11 Home Single Language,2.6 kg,Trung Quốc,FPT
Laptop MSI Gaming Katana 15 B13VFK-676VN i7 13620H,35.890.000,15.6 inch, 1920 x 1080 Pixels, IPS," 144 Hz, IPS",Intel, i7, 13620H,16 GB, DDR5, 5200 MHz,SSD 1 TB,NVIDIA GeForce RTX 4060 8GB; Intel UHD Graphics,Windows 11 Home,2.25 kg,Trung Quốc,FPT
MacBook Air 13 inch M2 2022 8CPU 8GPU 16GB,34.490.000,13.6 inch, 2560 x 1644 Pixels, IPS," 60 Hz, 500 nits, Liquid Retina",Apple,, 8 - Core,16 GB, LPDDR4, 3200 MHz,SSD 256 GB,Apple M2 GPU 8 nhân,Ventura,1.24,Trung Quốc,FPT
Laptop Acer Predator Gaming Helios PH315-54-99S6 i9 11900H,32.990.000,15.6 inch, 2560 x 1440 Pixels, IPS," 165 Hz, Acer ComfyView LED-backlit",Intel, i9, 11900H,16 GB, LPDDR4, 3200 MHz,SSD 512 GB,NVIDIA GeForce RTX 3060 6GB; Intel UHD Graphics,Windows 11 Home Single Language,2.3 kg,Trung Quốc,FPT
Laptop Asus TUF Gaming FX507ZM-HN123W i7 12700H,31.990.000,15.6 inch, FHD , IPS," 144 Hz, 250 nits, IPS FHD",Intel, i7, 12700H,16 GB, DDR5, 4800 MHz,SSD 512 GB,NVIDIA GeForce RTX 3060 6GB; Intel Iris Xe Graphics,Windows 11 Home,2.20 kg,Trung Quốc,FPT
Laptop MSI Gaming Katana 15 B13VEK-252VN i7 13620H,31.990.000,15.6 inch, 1920 x 1080 Pixels, IPS," 144 Hz, 250 nits, IPS FHD",Intel, i7, 13620H,8 GB, DDR5, 5200 MHz,SSD 512 GB,,Windows 11 Home,2.29 kg,Trung Quốc,FPT
Laptop Asus Vivobook Pro K3405VC-KM070W i9 13900H,31.990.000,14.0 inch , 2880 x 1800 Pixels, IPS," 90 Hz Màn hình chính:, OLED Chính:",Intel, i9, 13900H,16 GB, DDR4, 3200 MHz,SSD 512 GB,,Windows 11 Home,1400 g,Trung Quốc,FPT
Laptop Lenovo ThinkPad P15s G2 T i5 1135G7,29.990.000,15.6 inch, 1920 x 1080 Pixels, IPS," 75 Hz, 300 nits, Anti-Glare",Intel, i5, 1135G7,16 GB, DDR4, 3200 MHz,SSD 512 GB,NVIDIA Quadro T500 4GB,Windows 11,1.5 kg,Trung Quốc,FPT
Laptop HP Gaming OMEN 16-b0178TX i5 11400H,29.990.000,16.1 inch, 1920 x 1080 Pixels, IPS," 144 Hz, 300 nits, IPS LCD",Intel, i5, 11400H,16 GB, DDR4, 2933 MHz,SSD 1 TB,NVIDIA GeForce RTX 3050 Ti 4 GB,Windows 11 Home,2.3 kg,Trung Quốc,FPT
MacBook Pro 13 inch M2 2022 8CPU 10GPU 8GB,29.890.000,13.3 inch, 2560 x 1600 Pixels, 500 nits, Retina,Apple,, 8 - Core,8 GB, LPDDR4, 3200 MHz,SSD 256 GB,Apple M2 GPU 10 nhân,macOS 12,1.4 kg,Trung Quốc,FPT
Laptop HP Envy X360 13-bf0090TU i7 1250U,29.690.000,13.3 inch, 2880 x 1800 Pixels, OLED," 60 Hz, OLED",Intel, i7, 1250U,16 GB, LPDDR4, 4267 MHz,SSD 512 GB,,Windows 11 Home Single Language,1.33 kg,Trung Quốc,FPT
Laptop MSI Gaming Cyborg 15 A12VF-267VN i7 12650H,29.490.000,15.6 inch, 1920 x 1080 Pixels, IPS," 144 Hz, 250 nits, FHD",Intel, i7, 12650H,8 GB , DDR5, 4800 MHz,SSD 512 GB,NVIDIA GeForce RTX 4060 8GB; Intel HD Graphics,Windows 11 Home,1.98 kg,Trung Quốc,FPT
Laptop Dell Inspiron 16 N5620 i7 1255U,28.990.000,16.0 inch, 1920 x 1200 Pixels, WVA," 60 Hz, 300 nits, Anti-Glare LED Backlit",Intel, i7, 1255U,16 GB, DDR4, 3200 MHz,SSD 512 GB,Intel Iris Xe Graphics,Windows 11 Home Single Language,1.87 kg,Trung Quốc,FPT
Laptop Lenovo ThinkPad T14s Gen 2 i7 1165G7,28.190.000,14.0 inch, 1920 x 1080 Pixels, IPS," 60 Hz, 300 nits, Anti-Glare LED-Backlit Display",Intel, i7, 1165G7,16 MB, LPDDR4, 4266 MHz,SSD 512 GB,Intel Iris Xe Graphics,Windows 10 Pro,1.36 kg,Trung Quốc,FPT
Laptop Asus Zenbook Flip UP3404VA-KN038W i5 1340P,27.990.000,14.0 inch , 2880 x 1800 Pixels, IPS," 90 Hz, 550 nits, OLED Chính:",Intel, i5, 1340P,16 GB, LPDDR5, 5500 MHz,SSD 512 GB,Intel Iris Xe Graphics,Windows 11 Home,1.50 kg,Trung Quốc,FPT
MacBook Air 13 inch M2 2022 8CPU 8GPU 8GB,27.690.000,13.6 inch, 2560 x 1644 Pixels, IPS," 60 Hz, 500 nits, Liquid Retina",Apple,, 8 - Core,8 GB, LPDDR4, 3200 MHz,SSD 256 GB,Apple M2 GPU 8 nhân,Ventura,1.24,Trung Quốc,FPT
Laptop MSI Gaming Cyborg 15 A12VE-240VN i7 12650H,26.990.000,15.6 inch, 1920 x 1080 Pixels, IPS," 144 Hz, IPS",Intel, i7, 12650H,8 GB , DDR5, 4800 MHz,SSD 512 GB,NVIDIA GeForce RTX 4050 6GB GDDR6; Intel UHD Graphics,Windows 11 Home,1.98 kg,Trung Quốc,FPT
Laptop Gigabyte Gaming G5 KF-E3VN313SH i5 12500H,26.190.000,15.6 inch, 1920 x 1080 Pixels, IPS," 144 Hz, FHD",Intel, i5, 12500H,16 GB, DDR4, 3200 MHz,SSD 512 GB,NVIDIA GeForce RTX 4060 8GB; Intel Iris Xe Graphics,Windows 11 Home,1.9 kg,Trung Quốc,FPT
Laptop Asus Zenbook UX3402VA-KM203W i5 1340P,25.990.000,14.0 inch, 2880 x 1800 Pixels, OLED," 90 Hz, 400 nits, OLED",Intel, i5, 1340P,16 GB, DDR5, 4800 MHz,SSD 512 GB,Intel Iris Xe Graphics,Windows 11 Home,1.39 kg,Trung Quốc,FPT
Laptop Acer Swift X SFX16-51G-516Q i5 11320H,25.990.000,16.1 inch, 1920 x 1080 Pixels, IPS," 60 Hz, Acer ComfyView LED-backlit",Intel, i5, 11320H,16 GB, LPDDR4X, 4266 MHz,SSD 512 GB,NVIDIA GeForce RTX 3050 4GB; Intel Iris Xe Graphics,Windows 11 Home,1.9 kg,Trung Quốc,FPT
Laptop Asus Vivobook M3500QC-L1516W R9 5900HX,25.490.000,15.6 inch , 1920 x 1080 Pixels, OLED," 60 Hz, 600 nits, OLED Chính:",AMD,Ryzen 9, 5900HX,16 GB, DDR4, 3200 MHz,SSD 512 GB,NVIDIA GeForce RTX 3050 4GB; AMD Radeon Graphics,Windows 11 Home,1.65 kg,Trung Quốc,FPT
Laptop Lenovo ThinkPad T14s Gen 2 i5 1135G7,25.490.000,14.0 inch, 1920 x 1080 Pixels, IPS," 60 Hz, 300 nits, Anti-Glare LED-Backlit Display",Intel, i5, 1135G7,16 GB, LPDDR4, 4266 MHz,SSD 512 GB,Intel Iris Xe Graphics,Windows 10 Pro,1.36 kg,Trung Quốc,FPT
Laptop Acer Nitro Gaming AN515-58-769J i7 12700H,25.490.000,15.6 inch, 1920 x 1080 Pixels, IPS," 144 Hz, Acer ComfyView LED-backlit",Intel, i7, 12700H,8 GB , DDR4, 3200 MHz,SSD 512 GB,NVIDIA GeForce RTX 3050 4GB,Windows 11 Home Single Language,2.5 kg,Trung Quốc,FPT
Laptop Dell Vostro V5620 i5 1240P,24.990.000,16.0 inch, 1200 x 1920 Pixels, TFT," 60 Hz, Anti -glare LED-Backlit Display",Intel, i5, 1240P,16 GB, DDR4, 3200 MHz,SSD 512 GB,,Windows 11 Home Single Language,1.845 kg,Trung Quốc,FPT
Laptop Asus Vivobook S3504VA-L1227WS i7 1360P,23.990.000,15.6 inch, 1920 x 1080 Pixels, IPS," 60 Hz, 550 nits, OLED",Intel, i7, 1360P,16 GB, DDR4, 3200 MHz,SSD 512 GB,,Windows 11 Home,1.7 kg,Trung Quốc,FPT
Laptop Gigabyte Gaming G5 MF-F2VN313SH i5 12450H,23.290.000,15.6 inch, 1920 x 1080 Pixels, IPS," 144 Hz, Anti-Glare",Intel, i5, 12450H,16 GB, DDR4, 3200 MHz,SSD 512 GB,NVIDIA GeForce RTX 4050 6GB GDDR6; Intel Iris Xe Graphics,Windows 11 Home,1.9 kg,Trung Quốc,FPT
Laptop Asus Vivobook Pro M6500QC-MA002W R5 5600H,22.990.000,15.6 inch , 2880 x 1620 Pixels, OLED," 120 Hz, 600 nits, OLED Chính:",AMD,Ryzen 5, 5600H,16 GB, DDR4, 3200 MHz,SSD 512 GB,NVIDIA GeForce RTX 3050 4GB; AMD Radeon Graphics,Windows 11 Home,1.8 kg,Trung Quốc,FPT
Laptop HP Envy x360 13-bf0096TU i5 1230U,22.690.000,13.3 inch, 2880 x 1800 Pixels, OLED," 60 Hz, OLED",Intel, i5, 1230U,8 GB , LPDDR4X, 4266 MHz,SSD 512 GB,,Windows 11 Home Single Language,1.34 kg,Trung Quốc,FPT
Laptop HP Pavilion 15 eg2034TX i7 1255U,22.090.000,15.6 inch, 1920 x 1080 Pixels, IPS," 60 Hz, 250 nits, IPS FHD",Intel, i7, 1255U,8 GB , DDR4, 3200 MHz,SSD 512 GB,NVIDIA GeForce MX550 2GB; Intel Iris Xe Graphics,Windows 11 Home Single Language,1.733 kg,Trung Quốc,FPT
Laptop Acer Nitro Gaming AN515-57-71VV i7 11800H,21.890.000,15.6 inch, 1920 x 1080 Pixels, IPS," 144 Hz, 260 nits, LED Backlit",Intel, i7, 11800H,8 GB, DDR4, 3200 MHz,SSD 512 GB,NVIDIA GeForce RTX 3050 4GB; Intel UHD Graphics,Windows 11 Home,2.2 kg,Trung Quốc,FPT
Laptop HP Pavilion 15-eg2089TU i7 1260P,21.490.000,15.6 inch, 1920 x 1080 Pixels, IPS," 60 Hz, IPS FHD",Intel, i7, 1260P,8 GB , DDR4, 3200 MHz,SSD 512 GB,,Windows 11 Home Single Language,1.72 kg,Trung Quốc,FPT
Laptop Asus Zenbook UX3402ZA-KM218W i5 1240P,21.090.000,14.0 inch, 2880 x 1800 Pixels, 90 Hz," 400 nits, OLED",Intel, i5, 1240P,8 GB, DDR5, 4800 MHz,SSD 512 GB,Intel Iris Xe Graphics,Windows 11 Home,1.39 kg,Trung Quốc,FPT
Laptop MSI Modern 15 B13M-297VN i7 1355U,20.990.000,15.6 inch , FHD , IPS," 60 Hz, IPS Chính:",Intel, i7, 1355U,16 GB, LPDDR4, 3200 MHz,SSD 512 GB,Intel Iris Xe Graphics,Windows 11 Home,1.7 kg,Trung Quốc,FPT
Laptop Lenovo Ideapad 5 Pro 16ARH7 R5 6600HS,20.990.000,16.0 inch, 2560 x 1600 Pixels, IPS," 120 Hz, 350 nits, IPS",AMD,Ryzen 5, 6600HS,16 GB, LPDDR5, 6400 MHz,SSD 512 GB,NVIDIA GeForce GTX 1650 4GB; AMD Radeon Graphics,Windows 11 Home,1.95 kg,Trung Quốc,FPT
Laptop Lenovo Ideapad 5 Pro 16ARH7 R5 6600HS,20.990.000,16.0 inch, 2560 x 1600 Pixels, IPS," 120 Hz, 350 nits, IPS",AMD,Ryzen 5, 6600HS,16 GB, LPDDR5, 6400 MHz,SSD 512 GB,NVIDIA GeForce GTX 1650 4GB; AMD Radeon Graphics,Windows 11 Home,1.95 kg,Trung Quốc,FPT
Laptop Asus TUF Gaming FX517ZC-HN077W i5 12450H,20.790.000,15.6 inch, 1920 x 1080 Pixels, IPS," 144 Hz, 250 nits, Anti-glare LED-backlit",Intel, i5, 12450H,8 GB , DDR5, 4800 MHz,SSD 512 GB,NVIDIA GeForce RTX 3050 4GB; Intel UHD Graphics,Windows 11 Home,2.0 kg,Trung Quốc,FPT
Laptop HP Pavilion 15 eg2055TU i7 1260P,19.990.000,15.6 inch, 1920 x 1080 Pixels, IPS," 60 Hz, 250 nits, IPS FHD",Intel, i7, 1260P,8 GB , DDR4, 3200 MHz,SSD 512 GB,Intel Iris Xe Graphics,Windows 11 Home Single Language,1.72 kg,Trung Quốc,FPT
Laptop Asus Gaming ROG G513IC-HN729W R7 4800H,19.990.000,15.6 inch, 1920 x 1080 Pixels, IPS," 144 Hz, 250 nits, IPS LCD",AMD,Ryzen 7, 4800H,8 GB , DDR4, 3200 MHz,SSD 512 GB,NVIDIA GeForce RTX 3050 4GB; AMD Radeon Graphics,Windows 11 Home,2.1 kg,Trung Quốc,FPT
Laptop Lenovo ThinkPad E14 Gen 3 R7 5700U,19.490.000,14.0 inch, 1920 x 1080 Pixels, IPS," 300 nits, Anti-glare WLED-backlit",AMD,Ryzen 7, 5700U,8 GB, DDR4, 3200 MHz,SSD 512 GB,AMD Radeon Graphics,Windows 11 Home,1.64 kg,Trung Quốc,FPT
Laptop Lenovo ThinkPad E14 G4 R7 5825U,19.190.000,1.4 inch, 1920 x 1080 Pixels, IPS," Hãng không công bố, 400 nits, IPS",AMD,Ryzen 7, 5825U,8 GB , DDR4, 3200 MHz,SSD 512 GB,AMD Radeon Graphics,Windows 11 Home,1.64 kg,Trung Quốc,FPT
Laptop Dell Latitude L5420CTO i5 1135G7,18.990.000,14.0 inch, 1920 x 1080 Pixels, 60 Hz," 220 nits, Anti-glare LED-backlit",Intel, i5, 1135G7,8 GB , DDR4, 3200 MHz,SSD 256 GB,Intel HD Graphics,Windows 11 Home,1.4 kg,Trung Quốc,FPT
Laptop Lenovo Yoga Slim 7 Pro 14IHU5 O i5 11320H,18.990.000,14.0 inch, 2880 x 1800 Pixels, OLED," 90 Hz, 400 nits, OLED",Intel, i5, 11320H,16 GB, LPDDR4X, 4266 MHz,SSD 512 GB,Intel Iris Xe Graphics,Windows 11 Home Single Language,1.38 kg,Trung Quốc,FPT
Laptop Lenovo ThinkBook 15 G2 ITL i5 1135G7,18.690.000,15.6 inch, 1920 x 1080 Pixels, IPS," 60 Hz, 250 nits, IPS LCD LED Backlit, True Tone",Intel, i5, 1135G7,8 GB, DDR4, 3200 MHz,SSD 512 GB,NVIDIA GeForce MX450 2GB; Intel Iris Xe Graphics,Windows 11 Home,1.7 kg,Trung Quốc,FPT
Laptop HP Pavilion 15 eg2036TX i5 1235U,18.590.000,15.6 inch, 1920 x 1080 Pixels, IPS," 60 Hz, 250 nits, IPS FHD",Intel, i5, 1235U,8 GB , DDR4, 3200 MHz,SSD 512 GB,Intel Iris Xe Graphics,Windows 11 Home Single Language,1.733 kg,Trung Quốc,FPT
Laptop MSI Gaming GF63 Thin 11UD-473VN i5 11400H,18.490.000,15.6 inch, 1920 x 1080 Pixels, IPS," 60 Hz, 358 nits, IPS LCD",Intel, i5, 11400H,8 GB, DDR4, 3200 MHz,SSD 512 GB,NVIDIA GeForce RTX 3050 Ti 4 GB; Intel UHD Graphics,Windows 11 Home,1.86 kg,Trung Quốc,FPT
Laptop Asus Vivobook Pro M3401QA-KM025W R7 5800H,18.490.000,14.0 inch, 2880 x 1800 Pixels, OLED," 90 Hz, 600 nits, OLED",AMD,Ryzen 7, 5800H,8 GB, DDR4, 3200 MHz,SSD 512 GB,AMD Radeon Graphics,Windows 11 Home,1.4 kg,Trung Quốc,FPT
Laptop HP 15s-fq5146TU i7 1255U,18.390.000,15.6 inch, 1920 x 1080 Pixels, WVA," 60 Hz, 250 nits, Wide-Viewing Angle (WVA)",Intel, i7, 1255U,8 GB , DDR4, 3200 MHz,SSD 512 GB,,Windows 11 Home Single Language,1.69 kg,Trung Quốc,FPT
Laptop Asus Vivobook M3504YA-L1144W R5 7530U,17.990.000,15.6 inch, FHD , IPS," 60 Hz, OLED",AMD,Ryzen 5, 7530U,16 GB, DDR4, 3200 MHz,SSD 512 GB,,Windows 11 Home,1.7 kg,Trung Quốc,FPT
Laptop MSI Modern 15 B13M-438VN i5 1335U,17.490.000,15.6 inch, 1920 x 1080 Pixels, IPS," 60 Hz, 300 nits, FHD",Intel, i5, 1335U,8 GB, DDR4, 3200 MHz,SSD 512 GB,Intel UHD Graphics,Windows 11 Home,1.7 kg,Trung Quốc,FPT
Laptop Asus Zenbook UX425EA-KI839W i5 1135G7,17.490.000,14.0 inch, 1920 x 1080 Pixels, IPS," 60 Hz, 400 nits, IPS LCD",Intel, i5, 1135G7,8 GB, DDR4, 3200 MHz,SSD 512 GB,Intel Iris Xe Graphics,Windows 11 Home,1.17 kg,Trung Quốc,FPT
Laptop Asus Expertbook B5302CEA-L50916W i5 1135G7,17.490.000,13.3 inch, 1920 x 1080 Pixels, IPS," 60 Hz, 450 nits, FHD",Intel, i5, 1135G7,8 GB , DDR4, 3200 MHz,SSD 512 GB,Intel Iris Xe Graphics,Windows 11 Home,1.13 kg,Trung Quốc,FPT
Laptop Lenovo ThinkPad E14 Gen 4 R5 5625U,16.990.000,14.0 inch, 1920 x 1080 Pixels, IPS," 60 Hz, 300 nits, IPS",AMD,Ryzen 5, 5625U,8 GB, DDR4, 3200 MHz,SSD 512 GB,AMD Radeon Graphics,Windows 11 Home,1640 g,Trung Quốc,FPT
Laptop MSI Modern 14 C13M-458VN i5 1335U,16.990.000,14.0 inch, FHD , IPS," 60 Hz, IPS",Intel, i5, 1335U,8 GB , DDR4, 3200 MHz,SSD 512 GB,Intel Iris Xe Graphics,Windows 11 Home,1.4 kg,Trung Quốc,FPT
Laptop LG Gram 14Z90Q-G.AJ32A5 i3 1220P,16.590.000,14.0 inch, 1200 x 1920 Pixels, IPS," 60 Hz, 350 nits, IPS LCD",Intel, i3, 1220P,8 GB, LPDDR5, 5200 MHz,SSD 256 GB,Intel UHD Graphics,Windows 11,999 g,Trung Quốc,FPT
Laptop Asus Vivobook Pro M3401QA-KM006W R5 5600H,16.490.000,14.0 inch, 2880 x 1800 Pixels, OLED," 90 Hz, 600 nits, OLED",AMD,Ryzen 5, 5600H,8 GB, DDR4, 3200 MHz,SSD 512 GB,AMD Radeon Graphics,Windows 11 Home,1.4 g,Trung Quốc,FPT
Laptop Asus Vivobook X1605VA-MB105W i5 1335U,16.190.000,16.0 inch, 1920 x 1200 Pixels, IPS," 60 Hz, Anti-Glare",Intel, i5, 1335U,8 GB, DDR4, 3200 MHz,SSD 512 GB,,Windows 11 Home,1.68 kg,Trung Quốc,FPT
Laptop Acer Aspire Gaming A715-42G-R1SB R5 5500U,15.990.000,15.6 inch, 1920 x 1080 Pixels, IPS," 144 Hz, Acer ComfyView Anti-glare LED-backlit",AMD,Ryzen 5, 5500U,8 GB, DDR4, 3200 MHz,SSD 256 GB,NVIDIA GeForce GTX 1650 4GB; AMD Radeon Graphics,Windows 10 Home Single Language,2.1 kg,Trung Quốc,FPT
Laptop Lenovo IdeaPad Flex 5 14ALC05 R5 5500U,15.990.000,14.0 inch, 1920 x 1080 Pixels, IPS Glossy," 60 Hz, 250 nits, FHD Touch",AMD,Ryzen 5, 5500U,8 GB, DDR4, 3200 MHz,SSD 512 GB,AMD Radeon Graphics,Windows 11 Home,1.5 kg,Trung Quốc,FPT
Laptop Asus Expertbook B1400CEAE-EB3182W i5 1135G7,15.990.000,14.0 inch, 1920 x 1080 Pixels, IPS," 60 Hz, 250 nits, FHD",Intel, i5, 1135G7,8 GB , DDR4, 3200 MHz,SSD 512 GB,Intel Iris Xe Graphics,Windows 11 Home,1452 g,Trung Quốc,FPT
Laptop Asus Expertbook B1500CEAE-BQ2234W i5 1135G7,15.990.000,15.6 inch, 1920 x 1080 Pixels, IPS," 60 Hz, 250 nits, FHD",Intel, i5, 1135G7,8 GB , DDR4, 3200 MHz,SSD 512 GB,Intel Iris Xe Graphics,Windows 11 Home,1705,Trung Quốc,FPT
Laptop MSI Gaming GF63 Thin 11SC-1090VN i5 11400H,15.990.000,15.6 inch, 1920 x 1080 Pixels, IPS," 144 Hz, IPS FHD",Intel, i5, 11400H,8 GB , DDR4, 3200 MHz,SSD 512 GB,NVIDIA GeForce GTX 1650 4GB,Windows 11,1.86 kg,Trung Quốc,FPT
Laptop HP Pavilion x360 14 ek0059TU i3 1215U,15.090.000,14.0 inch, 1920 x 1080 Pixels, IPS," 60 Hz, 250 nits, FHD, Touch screen",Intel, i3, 1215U,8 GB , DDR4, 3200 MHz,SSD 256 GB,Intel UHD Graphics,Windows 11 Home Single Language,1.517 kg,Trung Quốc,FPT
Laptop Acer Aspire 7 Gaming A715-76-57CY i5 12450H,14.490.000,15.6 inch, 1920 x 1080 Pixels, IPS," 60 Hz, Acer ComfyView LED-backlit",Intel, i5, 12450H,8 GB, DDR4, 3200 MHz,SSD 512 GB,,Windows 11 Home Single Language,2.1 kg,Trung Quốc,FPT
Laptop HP 14s-em0086AU R5 7520U,13.690.000,14.0 inch , 1920 x 1080 Pixels, SVA," 60 Hz Màn hình chính:, 250 nits, FHD Chính:",AMD,Ryzen 5, 7520U,16 GB, LPDDR5, 5500 MHz,SSD 512 GB,AMD Radeon Graphics,Windows 11 Home,1.4 kg,Trung Quốc,FPT
Laptop Dell Vostro V3520 i3 1215U,12.490.000,15.6 inch , 1920 x 1080 Pixels, WVA," 120 Hz, 250 nits, Anti -glare LED-Backlit Display Chính:",Intel, i3, 1215U,8 GB , DDR4, 2666 MHz,SSD 256 GB,,Windows 11 Home Single Language,1.83 kg,Trung Quốc,FPT
Laptop Asus Vivobook A415EA-EK2429W i3 1115G4,12.490.000,14.0 inch, 1920 x 1080 Pixels, TN," 60 Hz, 220 nits, FHD",Intel, i3, 1115G4,8 GB , DDR4, 3200 MHz,SSD 512 GB,Intel UHD Graphics,Windows 11 Home,1.35 kg,Trung Quốc,FPT
Laptop HP 14s fq1065AU R5 5500U,12.490.000,14.0 inch, 1366 x 768 Pixels, SVA," 60 Hz, 250 nits, Anti-glare Micro-edge WLED-backlit",AMD,Ryzen 5, 5500U,8 GB , DDR4, 3200 MHz,SSD 512 GB,AMD Radeon Graphics,Windows 11 Home,1.47 kg,Trung Quốc,FPT
Laptop Asus Vivobook X415EA-EB640W i5 1135G7,11.990.000,14.0 inch, 1920 x 1080 Pixels, IPS," 60 Hz, Anti - Glare",Intel, i5, 1135G7,4 GB , DDR4, 3200 MHz,SSD 512 GB,Intel UHD Graphics,Windows 11,1.6 kg,Trung Quốc,FPT
Laptop Asus Vivobook 16 X1605ZA-MB193W i3 1215U,11.890.000,16.0 inch, 1920 x 1200 Pixels, IPS," 60 Hz, Anti - Glare",Intel, i3, 1215U,8 GB, DDR4, 3200 MHz,SSD 512 GB,,Windows 11 Home,1.68 kg,Trung Quốc,FPT
Laptop HP 245 G9 R5 5625U,11.490.000,14.0 inch, 1920 x 1080 Pixels, IPS," 60 Hz, 250 nits, LCD",AMD,Ryzen 5, 5625U,8 GB , DDR4, 3200 MHz,SSD 256 GB,,Windows 11 Home Single Language,1.47 kg,Trung Quốc,FPT
Laptop Acer Aspire 3 A315-57G-573F i5 1035G1,10.990.000,15.6 inch, 1920 x 1080 Pixels, TN," 60 Hz, Acer ComfyView Anti-glare LED-backlit",Intel, i5, 1035G1,8 GB , DDR4, 2400 MHz,SSD 512 GB,NVIDIA GeForce MX330 2GB; Intel UHD Graphics,Windows 11 Home,1.9 kg,Trung Quốc,FPT
Laptop HP Pavilion 14-dv2050TU i3 1215U,10.990.000,14.0 inch, 1920 x 1080 Pixels, IPS," 60 Hz, 250 nits, LED Backlit",Intel, i3, 1215U,4 GB , DDR4, 3200 MHz,SSD 256 GB,Intel UHD Graphics,Windows 11 Home,1.41 kg,Trung Quốc,FPT
Laptop Acer Aspire 3 A315-58-35AG i3 1115G4,9.490.000,15.6 inch, 1920 x 1080 Pixels, IPS," 60 Hz, Acer ComfyView Anti-glare LED-backlit",Intel, i3, 1115G4,4 GB , DDR4, 2400 MHz,SSD 256 GB,Intel UHD Graphics,Windows 11 Home Single Language,1.74 kg,Trung Quốc,FPT
Laptop MSI Gaming Stealth 16Studio A13VG-057VN i9 13900H,77.490.000,16.0 inch, 3840 x 2400 Pixels, IPS," 120 Hz, IPS",Intel, i9, 13900H,32 GB, DDR5, 5200 MHz,SSD 2 TB,NVIDIA Geforce RTX 4070 8GB GDDR6; Intel Iris Xe Graphics,Windows 11 Home,1.99 kg,Trung Quốc,FPT
Laptop MSI Gaming Raider GE68HX 13VF-050VN i7 13700HX,59.990.000,16.0 inch, 2560 x 1600 Pixels, IPS," 240 Hz, IPS",Intel, i7, 13700HX,16 MB, DDR5, 5600 MHz,SSD 2 TB,NVIDIA GeForce RTX 4060 8GB; Intel UHD Graphics,Windows 11 Home,2.7 kg,Trung Quốc,FPT
Laptop Asus Gaming ROG Zephyrus GU603VU-N3898W i7 13620H,44.990.000,16.0 inch, 1920 x 1200 Pixels, IPS," 165 Hz, 250 nits, Anti - Glare",Intel, i7, 13620H,16 GB, DDR4, 3200 MHz,SSD 512 GB,NVIDIA GeForce RTX 4050 6GB GDDR6; Intel Iris Xe Graphics,Windows 11 Home,2 kg,Trung Quốc,FPT
Laptop Asus Gaming ROG Zephyrus GA402NJ-L4056W R7 7735HS,42.990.000,14.0 inch, 1920 x 1200 Pixels, IPS," 144 Hz, 400 nits, Anti - Glare",AMD,Ryzen 7, 7735HS,16 GB, DDR5, 4800 MHz,SSD 512 GB,NVIDIA GeForce RTX 3050 4GB; AMD Radeon Graphics,Windows 11 Home,1.72 kg,Trung Quốc,FPT
MacBook Air 15 inch M2 2023 8CPU 10GPU 16GB,37.890.000,15.3 inch, 2880 x 1864 Pixels, OLED," 60 Hz, 500 nits, Liquid Retina",Apple,, 8 - Core,16 GB, Hãng không công bố, Hãng không công bố,SSD 256 GB,Apple M2 GPU 10 nhân,Ventura,1.51 kg,Trung Quốc,FPT
Laptop Asus Zenbook UX5304VA-NQ125W i7 1355U,36.990.000,13.3 inch, 2880 x 1800 Pixels, IPS," 60 Hz, 550 nits, OLED",Intel, i7, 1355U,16 GB, LPDDR5, 5200 MHz,SSD 512 GB,,Windows 11 Home,1 kg,Trung Quốc,FPT
Laptop LG Gram 14T90R-G.AH55A5 i5 1340P,35.490.000,14.0 inch, 1920 x 1200 Pixels, IPS," 60 Hz, Anti - Glare",Intel, i5, 1340P,16 GB, LPDDR5, 5200 MHz,SSD 512 GB,,Windows 11 Home,1250 g,Trung Quốc,FPT
Laptop Asus TUF Gaming FA507NV-LP046W R7 7735HS,33.990.000,15.6 inch, 1920 x 1080 Pixels, IPS," 144 Hz, 250 nits, FHD",AMD,Ryzen 7, 7735HS,8 GB, DDR5, 4800 MHz,SSD 512 GB,NVIDIA GeForce RTX 4060 8GB; AMD Radeon Graphics,Windows 11,2.2 kg,Trung Quốc,FPT
MacBook Air 15 inch M2 2023 8CPU 10GPU 8GB,32.890.000,15.3 inch, 2880 x 1864 Pixels, OLED," 60 Hz, 500 nits, Liquid Retina",Apple,, 8 - Core,8 GB, Hãng không công bố, Hãng không công bố,SSD 256 GB,Apple M2 GPU 10 nhân,Ventura,1.51 kg,Trung Quốc,FPT
Laptop Dell Vostro V5620 i7 1260P,29.990.000,16.0 inch, 1920 x 1200 Pixels, WVA," 60 Hz, 250 nits, IPS LCD LED Backlit",Intel, i7, 1240P,16 GB, DDR4, 3200 MHz,SSD 512 GB,Intel Iris Xe Graphics,Windows 11 Home Single Language,1.97 kg,Trung Quốc,FPT
Laptop MSI Summit E14 Flip Evo A12MT-210VN i7 1280P,28.990.000,14.0 inch, 2880 x 1800 Pixels, IPS," 60 Hz, IPS",Intel, i7, 1280P,16 GB, LPDDR5, 4800 MHz,SSD 512 GB,Intel Iris Xe Graphics,Windows 11 Home,1.6 kg,Trung Quốc,FPT
Laptop Microsoft Surface Pro 9 i5 1235U,27.990.000,13.0 inch , 2880 x 1920 Pixels, IPS," 120 Hz, IPS Chính:",Intel, i5, 1235U,8 GB , DDR5, 4800 MHz,SSD 128 GB,Intel Iris Xe Graphics,Windows 11 Home,879 g,Trung Quốc,FPT
Laptop Dell Inspiron 16 N5620 i7-1255U,26.490.000,16.0 inch, 1920 x 1200 Pixels, WVA," 60 Hz, 300 nits, Anti - Glare",Intel, i7, 1255U,16 GB, DDR4, 3200 MHz,SSD 512 GB,Intel Iris Xe Graphics,Windows 11 Home Single Language,1.97 kg,Trung Quốc,FPT
Laptop MSI Gaming Katana GF66 12UDK-814VN i7 12650H,25.990.000,15.6 inch, 1920 x 1080 Pixels, IPS," 144 Hz, 250 nits, FHD",Intel, i7, 12650H,16 GB, DDR4, 3200 MHz,SSD 512 GB,NVIDIA GeForce RTX 3050 Ti 4 GB; Intel UHD Graphics,Windows 11 Home,2.25 kg,Trung Quốc,FPT
Laptop Asus Vivobook S3405VA-KM071W i9 13900H,25.690.000,14.0 inch, 2880 x 1800 Pixels, OLED," 90 Hz, OLED",Intel, i9, 13900H,16 GB, DDR4, 3200 MHz,SSD 512 GB,,Windows 11 Home,1.4 kg,Trung Quốc,FPT
Laptop Lenovo ThinkBook 14p G3 ARH R5-6600H,25.290.000,1.4 inch, 1080 x 2240 Pixels, IPS," 60 Hz, 300 nits, IPS",AMD,Ryzen 5, 6600H,16 GB, DDR5, 6400 MHz,SSD 512 GB,AMD Radeon Graphics,Windows 11 Home,1.4 kg,Trung Quốc,FPT
Laptop HP Pavilion 15-eg2088TU i7 1260P,24.290.000,15.6 inch, 1920 x 1080 Pixels, IPS," Hãng không công bố, IPS FHD",Intel, i7, 1260P,16 GB, DDR4, 3200 MHz,SSD 512 GB,,Windows 11 Home Single Language,1.72 kg,Trung Quốc,FPT
Laptop Dell Inspiron 16 5620 i5 1240P,22.490.000,16.0 inch, 1920 x 1200 Pixels, WVA," 60 Hz, 250 nits, Anti-Glare",Intel, i5, 1240P,16 GB, DDR4, 3200 MHz,SSD 512 GB,Intel Iris Xe Graphics,Windows 11 Home Single Language,1.97 kg,Trung Quốc,FPT
Laptop Acer Aspire Gaming A715-43G-R8GA R5 5625U,21.990.000,15.6 inch, 1920 x 1080 Pixels, IPS," 144 Hz, Acer ComfyView LED-backlit",AMD,Ryzen 5, 5625U,8 GB , DDR4, 3200 MHz,SSD 512 GB,,Windows 11 Home Single Language,2.1 kg,Trung Quốc,FPT
Laptop Gigabyte Gaming G5 GE-51VN213SH i5 12500H,20.990.000,15.6 inch, 1920 x 1080 Pixels, IPS," 144 Hz, Anti-Glare LED-Backlit Display",Intel, i5, 12500H,16 GB, DDR4, 3200 MHz,SSD 512 GB,NVIDIA GeForce RTX 3050 4GB; Intel Iris Xe Graphics,Windows 11 Home,1.9 kg,Trung Quốc,FPT
Laptop MSI Modern 14 C13M-607VN i7 1355U,20.490.000,14.0 inch, 1920 x 1080 Pixels, IPS," 60 Hz, 300 nits, FHD",Intel, i7, 1355U,16 GB, DDR4, 3200 MHz,SSD 512 GB,Intel UHD Graphics,Windows 11 Home,1.4 kg,Trung Quốc,FPT
Laptop Lenovo Ideapad Slim 5 Light 14ABR8 R7 7730,19.990.000,14.0 inch, 1920 x 1080 Pixels, IPS," Hãng không công bố, 300 nits, Anti-Glare LED-Backlit Display",AMD,Ryzen 7, 7730U,16 GB, DDR4, 3200 MHz,SSD 512 GB,AMD Radeon Graphics,Windows 11 Home Single Language,1.17 kg,Trung Quốc,FPT
Laptop Lenovo ThinkPad E15 Gen 4 R5-5625U,19.790.000,15.6 inch, 1920 x 1080 Pixels, IPS," 60 Hz, 300 nits, FHD",AMD,Ryzen 5, 5625U,8 GB, DDR4, 3200 MHz,SSD 512 GB,AMD Radeon Graphics,Windows 11 Home,1.78 kg,Trung Quốc,FPT
Laptop Asus Zenbook UM5401QA-KN053W R5 5600H,19.490.000,14.0 inch , 2880 x 1800 Pixels, IPS," 90 Hz Màn hình chính:, OLED Chính:",AMD,Ryzen 5, 5600H,8 GB , DDR4, 3200 MHz,SSD 512 GB,,Windows 11 Home,1.4 kg,Trung Quốc,FPT
Laptop HP 15s fq5160TU i5 1235U,19.190.000,15.6 inch, 1920 x 1080 Pixels, IPS," 60 Hz, 250 nits, Anti-Glare",Intel, i5, 1235U,16 GB, DDR4, 3200 MHz,SSD 512 GB,Intel Iris Xe Graphics,Windows 11 Home,1.7 kg,Trung Quốc,FPT
Laptop Asus Vivobook A515EA-L12033W i5 1135G7,18.990.000,15.6 inch, 1920 x 1080 Pixels, IPS," 60 Hz, 600 nits, Anti-glare LED-backlit",Intel, i5, 1135G7,8 GB , DDR4, 3200 MHz,SSD 512 GB,Intel UHD Graphics,Windows 11,1.80 kg,Trung Quốc,FPT
Laptop MSI Modern 15 B7M-238VN R7 7730U,16.490.000,15.6 inch, 1920 x 1080 Pixels, IPS," 60 Hz, FHD",AMD,Ryzen 7, 7730U,16 GB, DDR4, 3200 MHz,SSD 512 GB,AMD Radeon Graphics,Windows 11 Home,1.75 kg,Trung Quốc,FPT
